Year;GFDL-ESM2M;NorESM2;ACCESS;UKESM1;CanESM5;CESM;MPIESM;CNRM-ESM2-1;MIROC-ES2L;UVic-ESCM-2-10
0.0;286.827554363094;287.65;287.42;286.715700395;13.35;286.9000830157195;286.5198;286.86152;288.17665;286.56549072265625
1.0;286.9378884511452;287.7;287.60;286.726467097;13.55;287.0214511900717;286.539;286.86824;288.16394;286.58819580078125
2.0;286.9552052955105;287.79;287.59;286.72884445200003;13.39;287.02981173056605;286.6612;286.901676;288.03488;286.607666015625
3.0;287.0982351642766;287.6;287.38;286.6555548;13.35;286.92605186132346;286.673;286.864109;288.11108;286.62615966796875
4.0;287.09093293490474;287.74;287.55;286.784626223;13.28;286.9503612438566;286.4976;286.912289;288.16312;286.6441955566406
5.0;287.1062301844767;287.84;287.57;286.829009123;13.32;287.0860001998898;286.504;286.846505;288.17784;286.66070556640625
6.0;287.1018702676852;287.73;287.55;286.98797190700003;13.44;287.0946469376124;286.5978;286.971052;288.23941;286.6795349121094
7.0;287.0940431359696;287.63;287.79;286.953363946;13.43;287.3330946094976;286.7896;286.876819;288.18057000000005;286.701171875
8.0;287.1053503585189;287.47;287.88;286.89805002;13.45;287.35766386603206;286.8344;286.885108;288.19738;286.7210693359375
9.0;287.21661209733526;287.49;287.76;286.989201113;13.52;287.3970680528888;286.7033;287.145562;288.44239;286.74029541015625
10.0;287.0733201118365;287.5;287.84;287.042701984;13.49;287.38495174009427;286.6541;287.081401;288.45344;286.7621765136719
11.0;286.978503752408;287.65;287.77;287.054139524;13.63;287.23283681178;286.6986;286.976259;288.21749;286.7861328125
12.0;287.17869103836694;287.7;287.99;286.859100877;13.65;287.28449207052324;286.805;287.130163;288.18684;286.806884765625
13.0;287.1958104799872;287.87;287.91;286.962295929;13.59;287.46158514443863;286.9946;287.271424;288.35253;286.8291320800781
14.0;287.161711559557;288.03;287.89;287.14393279;13.72;287.45478175047623;287.0228;287.183814;288.65058;286.85479736328125
15.0;287.2484313964844;288.12;288.10;286.960052777;13.83;287.3227950889316;286.8306;287.202603;288.42245;286.87744140625
16.0;287.2223866083851;288.12;288.12;286.865632361;13.63;287.48544237046474;286.8332;287.090494;288.29833;286.9017028808594
17.0;287.26358441914607;288.22;288.15;286.92127575;13.79;287.4386317680785;286.9654;287.191492;288.29459;286.9264831542969
18.0;287.30443817556727;287.91;288.09;287.08312540400004;13.83;287.2958348764742;286.9065;287.189958;288.2721;286.95831298828125
19.0;287.18194454663427;287.91;288.03;287.374770465;13.83;287.5243988258051;287.1767;287.237881;288.41831;286.98681640625
20.0;287.22867774440823;288.12;288.07;287.236043885;13.78;287.5825347941181;287.1061;287.411712;288.63911;287.01483154296875
21.0;287.34094054339687;288.06;288.15;287.2142369;13.78;287.6848992816349;287.029;287.219829;288.84285;287.04241943359375
22.0;287.47071675339794;287.98;288.06;287.299195503;13.91;287.85194021194286;287.0524;287.382388;288.53776;287.06646728515625
23.0;287.5152318667059;288.06;288.23;287.519525726;13.85;287.8496370868748;286.9916;287.554776;288.36846;287.08892822265625
24.0;287.6459135708744;288.08;288.22;287.353916422;13.94;287.52464539134945;286.9521;287.31054;288.42774;287.11163330078125
25.0;287.36486038835085;288.13;288.28;287.37624876;14.0;287.7056953383973;287.0213;287.321915;288.64671;287.1318359375
26.0;287.4646100606004;287.97;288.34;287.4263321;13.97;287.6981103254285;287.0305;287.421;288.82076;287.15350341796875
27.0;287.5571784868633;288.01;288.40;287.511424392;13.97;287.54082895321;287.1917;287.551394;288.5993;287.1764221191406
28.0;287.6273238508669;288.09;288.38;287.660076831;14.06;287.590063452325;287.1572;287.53893;288.46357;287.19891357421875
29.0;287.34126177226034;288.14;288.26;287.675315641;14.08;287.86994836766746;287.1844;287.449673;288.59413;287.2258605957031
30.0;287.3118353020656;288.43;288.29;287.694906225;14.11;287.931142894978;287.2756;287.488155;288.61004;287.25640869140625
31.0;287.5054795356646;288.47;288.41;287.848396018;14.29;287.88641759089114;287.3288;287.519171;288.8564;287.2846374511719
32.0;287.58314601950457;288.18;288.48;287.558506765;14.34;287.94526200509137;287.353;287.509627;288.79716;287.3091125488281
33.0;287.3058288574219;288.33;288.42;287.599229413;14.44;288.1842858641025;287.3401;287.566929;288.64281;287.3348083496094
34.0;287.3231460362265;288.42;288.45;287.918261208;14.58;288.21289081273744;287.2655;287.650561;288.5752;287.3589782714844
35.0;287.6158127876177;288.23;288.50;288.113058197;14.52;288.1256025713136;287.3824;287.501384;288.82341;287.38763427734375
36.0;287.86912900323745;288.22;288.53;287.901090913;14.32;288.23431053922224;287.5187;287.688341;288.97846;287.4181213378906
37.0;287.4885514768836;288.19;288.64;288.003222909;14.31;288.08336352846976;287.4978;287.763261;288.8502;287.44720458984375
38.0;287.46409560948206;288.35;288.68;288.019769227;14.5;287.9628617606558;287.3751;287.532415;288.87795;287.47650146484375
39.0;287.7536324278949;288.48;288.57;287.98675164;14.51;288.09555907568506;287.4287;287.569099;289.18821;287.5082702636719
40.0;287.8060803557096;288.23;288.55;287.975887728;14.57;288.55066144418373;287.5729;287.77262;289.21737;287.5371398925781
41.0;287.5712234288046;288.35;288.67;287.910907043;14.71;288.4120693717785;287.4656;287.726279;288.88645;287.5683288574219
42.0;287.60911079302235;288.67;288.71;288.06327139;14.73;288.1026650140543;287.3967;287.82006;288.76975;287.5987854003906
43.0;287.8022368966717;288.71;288.76;288.27439362900003;14.81;288.20356500826693;287.4434;287.982071;288.89832;287.6282043457031
44.0;287.8893371582032;288.58;288.87;288.375304763;14.67;288.31574918544464;287.6967;287.91504;289.22604;287.65753173828125
45.0;287.9259730508884;288.37;288.87;288.451832947;14.76;288.5155374545648;287.838;287.890259;289.40547000000004;287.6888732910156
46.0;287.6851717178136;288.62;288.94;288.501754432;14.86;288.35034670955;287.8475;287.844424;289.19012000000004;287.7192077636719
47.0;287.7896493572079;288.79;288.90;288.448564895;14.94;288.3001415538066;287.7125;287.835718;288.96928;287.75177001953125
48.0;287.9523101388592;288.66;288.81;288.421880176;15.07;288.5739176105826;287.7225;288.003016;289.03937;287.78363037109375
49.0;288.0303123996683;288.58;288.74;288.48366513900004;15.11;288.6471890686305;287.8127;287.935693;289.19769;287.8165588378906
50.0;288.0118088813677;288.53;288.76;288.505216505;15.18;288.496087450921;287.6978;287.944974;289.38214;287.848876953125
51.0;288.10510479652726;288.42;288.82;288.513032953;15.24;288.7248349709073;287.7753;287.788736;289.39709;287.88153076171875
52.0;288.2162635280662;288.53;288.90;288.60481431;15.12;288.78147338847356;287.9523;287.97677;289.03635;287.91339111328125
53.0;287.8821819148652;288.68;288.94;288.688941935;15.23;288.6557257383491;287.9769;288.100471;289.0309;287.9457702636719
54.0;287.90206014554803;288.95;288.86;288.532158223;15.32;288.8324274869678;287.9463;288.023205;289.17051000000004;287.97955322265625
55.0;288.16933401447454;288.88;288.95;288.617628296;15.25;288.7625580456031;288.1077;288.202166;289.41665;288.01226806640625
56.0;288.04953529671445;288.93;289.15;288.803130533;15.35;288.9582591334436;288.1112;288.128724;289.46424;288.0452575683594
57.0;288.0205848171287;288.85;289.10;288.797404692;15.4;288.8224434488092;287.9688;287.995212;289.1216;288.0788879394531
58.0;288.08224203031364;288.83;289.19;288.737629057;15.39;288.83427883486235;288.0363;288.27232;289.20052000000004;288.1103820800781
59.0;288.08655721586047;288.91;289.25;288.711924771;15.47;288.92068675502543;288.1472;288.346076;289.46216;288.1439208984375
60.0;288.3287672068976;289.09;289.27;288.756876526;15.62;289.0560275341846;288.1588;288.089042;289.79081;288.1776123046875
61.0;288.2691468957353;289.28;289.36;288.832705826;15.57;289.10891942319734;288.33;288.200657;289.50365;288.21051025390625
62.0;288.01402069509845;289.1;289.29;288.794059364;15.65;289.07172387582705;288.208;288.351322;289.38302000000004;288.243896484375
63.0;288.12935356244645;288.61;289.32;289.005910745;15.6;289.04830072710297;288.2406;288.458585;289.51998;288.2752685546875
64.0;288.0910450556507;288.73;289.36;289.036548714;15.57;289.0649494438612;288.3438;288.39284;289.71465;288.3075256347656
65.0;287.9543880932953;289.01;289.50;289.191853685;15.51;289.09075428177823;288.1422;288.349862;289.75816000000003;288.3387451171875
66.0;288.1452374183969;289.01;289.61;289.214935481;15.66;288.93542095069216;288.2085;288.485085;289.55285;288.3695983886719
67.0;288.17206027932366;288.82;289.57;289.227054045;15.72;289.0548857;288.2896;288.580844;289.31538;288.3991394042969
68.0;288.02016484508783;288.79;289.47;289.191144494;15.7;289.20556597;288.1821;288.568573;289.26629;288.4219055175781
69.0;287.9708669166043;289.13;289.54;289.132089158;15.66;289.20101958;288.4018;288.524078;289.30826;288.4356994628906
70.0;288.0680543664384;289.08;289.70;289.210887258;15.57;289.0069881;288.2646;288.625358;289.39369;288.4468688964844
71.0;288.1638840766803;288.71;289.72;289.146419583;15.66;289.22312102;288.1997;288.651352;289.63579;288.45367431640625
72.0;288.31853311617084;288.57;289.58;289.02103401;15.6;289.24076286;288.2112;288.590766;289.5931;288.46002197265625
73.0;288.0438402985874;288.74;289.69;289.015084602;15.55;289.07442041;288.3787;288.670327;289.268;288.46282958984375
74.0;287.8430159059289;289.1;289.47;289.233983521;15.56;289.26875417;288.2627;288.693535;289.40467;288.4653015136719
75.0;287.9872870458316;289.2;289.60;289.284811583;15.59;289.23611772;288.2835;288.799512;289.65433;288.4674987792969
76.0;287.820304473459;289.05;289.52;289.358924726;15.45;289.38609683;288.3289;288.76086;289.67872;288.4690246582031
77.0;287.8958562981593;288.8;289.36;289.348029888;15.51;289.35994021;288.1553;288.625335;289.30744;288.469482421875
78.0;287.93775768541315;288.84;289.38;289.348343276;15.59;289.15791575;288.3691;288.71938;289.14877;288.46966552734375
79.0;287.9978588365529;288.91;289.47;289.374096701;15.58;289.22173077;288.4125;288.750017;289.38793;288.4693603515625
80.0;287.94147430837967;288.93;289.51;289.142516481;15.5;288.99991517;288.2511;288.701035;289.70513;288.4694519042969
81.0;287.715740548748;288.98;289.47;289.166634637;15.46;289.23789098;288.2496;288.825247;289.58144;288.4668884277344
82.0;287.86240903253434;288.63;289.55;289.15102925900004;15.45;289.23139802;288.0738;288.774922;289.13885;288.4674377441406
83.0;288.1201075723727;288.68;289.37;289.358701203;15.41;289.13953251;287.9734;288.803925;289.18706000000003;288.465087890625
84.0;288.016090790213;288.91;289.51;289.319394592;15.55;289.1496917;288.1604;288.772821;289.30944;288.4630432128906
85.0;287.74238573884315;288.78;289.58;289.37930601200003;15.66;289.04900098;288.1868;288.755394;289.39737;288.4606628417969
86.0;287.66957305490155;288.75;289.53;289.335989249;15.51;289.17507138;288.3731;288.497295;289.5963;288.4595031738281
87.0;288.0650480923588;288.92;289.53;289.285270059;15.36;288.96255907;288.243;288.87302;289.53961;288.4582824707031
88.0;288.25307274387313;288.83;289.46;289.451623988;15.59;289.11980764;288.2163;288.737183;289.56761;288.4552001953125
89.0;288.01712838786926;288.73;289.51;289.53136511400004;15.54;289.1705135;288.086;288.791921;289.70155;288.451904296875
90.0;288.03183016842365;288.83;289.50;289.387592777;15.47;289.09380281;288.1003;288.824518;289.24954;288.4512634277344
91.0;288.01079193533286;288.75;289.24;289.388008554;15.43;289.17320934;288.0551;288.783217;289.32461;288.4492492675781
92.0;287.90520897434186;288.81;289.40;289.5676554;15.5;289.04295282;288.1667;288.690923;289.39768;288.4479064941406
93.0;287.91837760193715;288.76;289.55;289.517379446;15.46;288.79592637;288.1035;288.713248;289.62183;288.44354248046875
94.0;288.0985823957888;288.66;289.37;289.376974134;15.59;288.96374634;287.9559;288.625869;289.37303;288.4408264160156
95.0;288.192652036066;288.91;289.44;289.487747216;15.46;289.02895217;288.0759;288.845088;289.25656000000004;288.43798828125
96.0;287.82338407333583;288.93;289.53;289.45008566;15.34;288.98381344;288.1249;288.779038;289.4166;288.4369201660156
97.0;287.8007561670591;288.52;289.60;289.310491581;15.53;288.93415622;287.8612;288.597474;289.73588;288.4346923828125
98.0;287.96107863334765;288.42;289.52;289.487025591;15.7;288.89474338;287.908;288.669943;289.70729;288.4331359863281
99.0;288.0202602438731;288.64;289.49;289.461118807;15.53;288.78960953;288.1393;288.656272;289.35239;288.43011474609375
100.0;287.9160596873663;288.7;289.70;289.300589981;15.37;288.93424315;288.1801;288.776196;289.15846;288.4291076660156
101.0;287.87649076278893;288.53;289.66;289.361057881;15.51;288.92297517;288.035;288.837197;289.14606000000003;288.42657470703125
102.0;287.84941916269804;288.6;289.55;289.486025032;15.47;288.86623391;288.0353;288.653856;289.30025;288.42547607421875
103.0;287.7699004708905;288.78;289.60;289.55786515200003;15.29;288.88531786;288.1933;288.574236;289.4467;288.4232177734375
104.0;287.9082813001659;288.64;289.51;289.400485368;15.36;288.90933693;288.0829;288.733063;289.53836;288.4213562011719
105.0;287.990732856646;288.65;289.35;289.31451746;15.3;288.86280348;288.0319;288.706567;289.29696;288.41998291015625
106.0;288.0024832111516;288.84;289.45;289.52114769900004;15.29;288.92498536;287.9122;288.838802;289.34333;288.41900634765625
107.0;287.7918171085724;288.74;289.42;289.552464208;15.32;288.83729023;287.9172;288.556895;289.43848;288.4175109863281
108.0;287.8247896377355;288.54;289.30;289.464128194;15.47;288.9990965;288.0478;288.791456;289.35555;288.41741943359375
109.0;287.8944801644104;288.66;289.42;289.28297693900004;15.47;288.93777871;288.139;288.694818;289.34789;288.4158935546875
110.0;287.8631170403468;288.83;289.41;289.448394411;15.52;288.66821496;288.093;288.486225;289.35783;288.4157409667969
111.0;287.80849233130886;288.56;289.44;289.49183483900003;15.31;288.77323486;288.088;288.591081;289.50067;288.4140625
112.0;287.8919191125322;288.56;289.52;289.326870742;15.4;288.72339872;288.1152;288.576058;289.59056;288.4142150878906
113.0;288.02478035704735;288.74;289.52;289.327013576;15.36;288.81455966;288.165;288.589774;289.20333;288.4140625
114.0;287.7044528908926;288.7;289.42;289.41566809;15.39;288.95138414;287.9904;288.703002;289.23554;288.4139709472656
115.0;287.68630103542387;288.9;289.53;289.419580714;15.55;288.83303236;288.1066;288.529338;289.41057;288.4134521484375
116.0;287.78051724368584;288.67;289.49;289.451215741;15.46;288.73850424;288.0705;288.634414;289.61408;288.4121398925781
117.0;288.0026134752248;288.64;289.50;289.469101881;15.49;288.81375459;287.9287;288.682129;289.53737;288.41229248046875
118.0;287.7228599234803;288.83;289.40;289.673987732;15.43;288.8211569;288.0915;288.699971;289.21114;288.4120178222656
119.0;287.9161386986302;288.59;289.43;289.490974901;15.59;289.00703066;288.2433;288.615179;289.1977;288.4122619628906
120.0;288.05657933901443;288.58;289.61;289.524468632;15.52;288.93116252;288.1212;288.73445;289.39574;288.4113464355469
121.0;287.80453541376824;288.74;289.50;289.554233625;15.34;288.92421303;288.1426;288.719458;289.6192;288.41082763671875
122.0;287.94997508427866;288.99;289.49;289.471244478;15.38;288.88900023;288.2653;288.838868;289.41103;288.412353515625
123.0;288.078339459145;288.65;289.63;289.516011166;15.46;288.72163836;288.0531;288.696064;289.17746;288.4102478027344
124.0;287.85500128759105;288.46;289.47;289.362620541;15.38;288.80300221;287.9276;288.72041;289.23059;288.4106750488281
125.0;287.9257206328928;288.59;289.44;289.373760511;15.32;288.76470638;287.9889;288.555253;289.52538;288.4115905761719
126.0;288.05804108920165;288.79;289.61;289.409771262;15.29;288.69388101;287.9721;288.627586;289.40459;288.4112854003906
127.0;287.6151598786655;288.87;289.69;289.353996224;15.38;288.85244547;287.975;288.712534;289.13356;288.41259765625
128.0;287.7838088780234;289.02;289.73;289.457708699;15.38;288.82698129;288.2318;288.800269;288.9816;288.4109191894531
129.0;288.06481900149834;288.9;289.68;289.503617421;15.44;288.68764993;288.2762;288.804011;289.08078;288.410400390625
130.0;288.21481423573954;288.8;289.57;289.411055114;15.39;288.6775004;288.1623;288.690106;289.45955;288.41143798828125
131.0;287.80816533336906;288.99;289.47;289.460571823;15.43;288.64280309;287.9212;288.792793;289.5176;288.41217041015625
132.0;287.79768551343113;288.92;289.46;289.417492541;15.46;288.75925794;288.0186;288.772313;289.41773;288.412841796875
133.0;287.97021885702054;288.77;289.54;289.452000976;15.23;288.70552908;288.0546;288.71924;289.27991000000003;288.41253662109375
134.0;287.9868186637147;288.81;289.32;289.215408866;15.29;288.6546891;287.9257;288.912812;289.12359;288.41278076171875
135.0;287.7812084459279;288.8;289.31;289.357766873;15.35;288.78271769;288.0129;288.776595;289.28372;288.4111328125
136.0;287.8944243966717;288.78;289.42;289.635445172;15.34;288.70342267;288.1324;288.787871;289.48824;288.41265869140625
137.0;287.9567465586206;288.78;289.48;289.29184128982985;15.29;288.77422636;288.2605;288.789197;289.24761;288.41510009765625
138.0;288.08750058526863;288.83;289.58;289.40791076250787;15.37;288.69997229;287.9197;288.891813;289.11306;288.4152526855469
139.0;287.6982033089416;288.87;289.66;289.49043726926925;15.28;288.79709728;287.9146;288.748311;289.06835;288.4161682128906
140.0;287.6901075389288;288.7;289.48;289.4726210482476;15.19;288.87221119;287.9135;288.84904;289.15669;288.4156494140625
141.0;287.9850798306401;288.65;289.43;289.3932592464323;15.37;288.70550199;288.0797;288.855583;289.5031;288.4146423339844
142.0;288.0605635969606;288.77;289.47;289.50463655394816;15.51;288.68131163;288.0612;288.85835;289.19776;288.4169006347656
143.0;287.7585546206122;288.51;289.55;289.5802292154958;15.52;288.78532951;287.8237;288.637342;289.00231;288.4178771972656
144.0;287.8404010929474;288.54;289.45;289.60185617969915;15.64;288.72431439;287.9804;288.647723;289.05073;288.4194641113281
145.0;288.0859855756368;289.02;289.26;289.59732307740603;15.51;288.92794336;288.1643;288.745387;289.37268;288.4204406738281
146.0;288.155690399588;288.82;289.33;289.54367273178264;15.33;288.57017931;288.0765;288.766283;289.5038;288.4197998046875
147.0;288.06494040293245;288.45;289.42;289.4846418629064;15.36;288.8078273;287.8462;288.840665;289.21805;288.4207458496094
148.0;287.80453900898976;288.43;289.50;289.505768771291;15.32;288.92759117;287.8651;288.922091;289.07037;288.4207458496094
149.0;287.9044051496951;288.46;289.50;289.47062249727134;15.27;288.88903013;287.972;288.877093;289.30392;288.4207458496094
150.0;288.1001008334226;288.72;289.57;289.7765676295882;15.29;288.86288858;287.9827;288.805388;289.31005;288.4217224121094
151.0;287.91232316526646;288.8;289.66;289.55828011977366;15.41;288.82922521;288.0551;288.845116;289.46221;288.42095947265625
152.0;287.9060736669253;288.88;289.75;289.50307622587206;15.34;288.86517252;287.9887;288.89785;289.2462;288.4223327636719
153.0;288.22512223753216;288.94;289.68;289.5289033461939;15.28;288.78538251;287.9134;288.846977;289.10017;288.42401123046875
154.0;287.89664281557685;288.59;289.56;289.52831726752083;15.3;288.66419418;287.9965;288.976262;289.19903;288.4259033203125
155.0;287.9004828466129;288.6;289.27;289.4222656849813;15.36;288.8910151;287.9749;288.780095;289.2596;288.4266662597656
156.0;288.069294801477;288.73;289.45;289.3624784167436;15.49;288.84006299;288.1066;288.941237;289.46637000000004;288.4278259277344
157.0;287.8009134370987;288.77;289.45;289.4021402558961;15.38;288.74604398;288.0619;288.807817;289.26956;288.4286804199219
158.0;287.9778778494221;288.93;289.37;289.54902356556414;15.35;288.80752289;287.8221;289.032769;289.02193;288.4296569824219
159.0;287.94936690657113;288.76;289.30;289.4285474911745;15.28;288.75190492;287.9089;289.015561;289.04591;288.4309997558594
160.0;287.93143603181187;288.38;289.37;289.44237067109725;;288.71829065;287.8329;288.854991;289.1503;288.4317932128906
161.0;287.900046319831;288.49;289.33;289.49167588507305;;288.79272079;287.892;288.949149;289.5322;288.4326477050781
162.0;287.9700817369436;288.83;289.22;289.46567491707884;;288.6501659;287.968;288.90543;289.37338;288.4341125488281
163.0;288.2001127060146;288.91;289.24;289.4612203224044;;288.8889139;288.0511;288.914631;289.00446;288.4344482421875
164.0;288.16837392310583;288.65;289.38;289.4705038902036;;288.83705278;288.0585;288.897387;289.05733;288.4344482421875
165.0;288.1215158958958;288.7;289.42;289.3200370044642;;288.8798197;288.0891;288.761323;289.19943;288.43365478515625
166.0;288.13548600706343;;289.48;;;288.82765397;287.9059;288.61902;289.41565;288.4342041015625
167.0;287.9991654069457;;;;;288.78562787;287.7509;288.623836;289.14033;288.4364929199219
168.0;288.0407696449594;;;;;288.6198244;287.9538;288.746033;289.03533;288.4379577636719
169.0;288.2562510869275;;;;;288.84769153;287.9566;288.789755;289.12383;288.4396057128906
170.0;288.1467377963132;;;;;288.87503823;287.8428;288.693513;289.26398;288.44134521484375
171.0;287.8556566212276;;;;;288.85885477;287.877;;289.42325;288.4406433105469
172.0;287.97761288995616;;;;;288.90160747;287.9826;;289.2979;288.4422607421875
173.0;288.0059381354346;;;;;288.78292627;288.0686;;289.09102;288.4429626464844
174.0;288.05437939787566;;;;;288.77420759;287.9173;;289.08049;288.44366455078125
175.0;287.93748561911394;;;;;288.87759363;287.9229;;289.22175;288.44403076171875
176.0;287.8557697452911;;;;;288.95116025;287.9641;;289.07845;288.44488525390625
177.0;288.05070667005566;;;;;288.81533235;287.8138;;289.15505;288.4461975097656
178.0;288.207013023063;;;;;289.01727781;287.8593;;289.47327;288.4461364746094
179.0;287.79653144731924;;;;;288.91202339;287.8999;;289.2034;288.44805908203125
180.0;287.8343055202537;;;;;288.60311183;287.9334;;289.11872;288.4479675292969
181.0;287.9615164978864;;;;;288.87135323;288.0745;;289.13954;288.4486083984375
182.0;288.04753693881105;;;;;288.90930244;287.9824;;289.1752;288.4499206542969
183.0;288.0702372511773;;;;;288.7540977;287.7943;;289.38594;288.4499816894531
184.0;288.0577519665026;;;;;288.97327747;287.738;;289.44622000000004;288.4514465332031
185.0;288.0395817168772;;;;;288.97132013;287.9283;;289.13144;288.451416015625
186.0;287.71086902357126;;;;;288.79315238;288.0046;;289.05022;288.45281982421875
187.0;287.8685135514769;;;;;288.92298789;287.9073;;289.17072;288.45306396484375
188.0;287.8233328205265;;;;;288.88562464;287.8179;;289.39814;288.4541015625
189.0;287.95340116317965;;;;;288.86610567;287.8042;;289.50184;288.4538269042969
190.0;287.8827260474637;;;;;289.0020131;287.7671;;289.01179;288.45440673828125
191.0;287.9405283470677;;;;;288.95494434;287.9223;;289.05725;288.4556579589844
192.0;288.14513399307043;;;;;288.90672674;287.6952;;289.2674;288.4556884765625
193.0;287.93441086860554;;;;;288.95821816;287.7474;;289.53673;288.45758056640625
194.0;287.7990943386131;;;;;288.9046091;287.9691;;289.26532000000003;288.4583740234375
195.0;287.85737605682795;;;;;288.65693588;287.7895;;289.11695;288.458251953125
196.0;288.06928376498297;;;;;288.88168574;287.7509;;289.08846;288.4599304199219
197.0;287.89874735793023;;;;;288.72608076;287.9505;;289.14915;288.4588623046875
198.0;287.51912540801584;;;;;288.80809203;287.9966;;289.29282;288.45989990234375
199.0;287.76754702215334;;;;;288.95256387;287.9019;;289.10342;288.4598083496094
200.0;288.0525930744328;;;;;288.81758253;287.7805;;289.04806;288.4597473144531
201.0;288.0943315061805;;;;;288.9753192;287.8797;;289.11313;288.46099853515625
202.0;287.6929542855041;;;;;288.88156923;288.0141;;289.20189;288.462158203125
203.0;287.8290190396244;;;;;288.85138617;288.0596;;289.21857;288.46282958984375
204.0;288.0076716174819;;;;;288.94053208;287.8771;;289.24653;288.4627380371094
205.0;288.1555151534408;;;;;288.89415806;287.7346;;289.0472;288.46246337890625
206.0;288.109677751097;;;;;288.87979572;287.7126;;289.1637;288.4643859863281
207.0;287.7192553376499;;;;;289.02961985;287.8092;;289.27343;288.46453857421875
208.0;287.84853833342254;;;;;288.93592906;288.0879;;289.32836000000003;288.4651794433594
209.0;287.9281540126017;;;;;288.70920162;288.1478;;289.28339;288.46539306640625
210.0;287.9670976194617;;;;;288.88837936;287.8008;;289.01976;288.4661560058594
211.0;288.00900360525475;;;;;288.94829573;287.8132;;288.99425;288.4657897949219
212.0;288.1232706148331;;;;;288.74342909;287.95;;289.06389;288.4659423828125
213.0;288.10375065215646;;;;;289.00350117;287.9925;;289.11594;288.4681701660156
214.0;287.9730686971587;;;;;289.07971685;287.9239;;289.29228;288.46868896484375
215.0;287.9634044908498;;;;;289.19200586;287.7366;;289.34441;288.46826171875
216.0;287.9439291758081;;;;;288.90354486;287.7536;;289.36;288.468505859375
217.0;288.01781825235446;;;;;;287.7151;;289.34216000000004;288.4683837890625
218.0;288.08194078419314;;;;;;287.6564;;289.03521;288.4706115722656
219.0;287.94453425995295;;;;;;287.6295;;288.95577000000003;288.47027587890625
220.0;287.6999232462008;;;;;;287.8631;;288.98742000000004;288.47015380859375
221.0;287.9340123006743;;;;;;287.8556;;289.26313;288.4703674316406
222.0;288.1891405079464;;;;;;287.8001;;289.21299;288.4712219238281
223.0;288.08734975318396;;;;;;287.7145;;289.06694;288.4722900390625
224.0;287.80614640745404;;;;;;287.7283;;289.07872000000003;288.4722900390625
225.0;287.71839875521727;;;;;;288.0665;;289.04922;288.4721374511719
226.0;287.9399920737907;;;;;;288.0649;;289.05385;288.4728088378906
227.0;288.00395658310146;;;;;;287.8345;;289.26396;288.4736022949219
228.0;288.0994288614352;;;;;;287.6781;;289.21577;288.4742736816406
229.0;287.9490813790936;;;;;;287.7826;;288.98418;288.4752197265625
230.0;288.0311260902718;;;;;;287.8602;;288.86744;288.4756164550781
231.0;287.9840457445955;;;;;;288.0139;;289.08974;288.475830078125
232.0;288.00676219365374;;;;;;287.9485;;289.28424;288.47528076171875
233.0;288.18351114351464;;;;;;287.7234;;289.06974;288.47607421875
234.0;288.2364847261612;;;;;;287.7347;;288.9369;288.4762878417969
235.0;287.78665520654977;;;;;;287.7595;;289.11185;288.4759216308594
236.0;287.93517690162145;;;;;;287.8542;;289.31817;288.4764709472656
237.0;288.1822525651488;;;;;;287.968;;289.12572;288.4752502441406
238.0;288.15604306573744;;;;;;287.7321;;288.86741;288.4775085449219
239.0;288.1052178369809;;;;;;287.6906;;288.78088;288.4779052734375
240.0;288.1259786527451;;;;;;287.7871;;288.94337;288.4787902832031
241.0;288.30060817770766;;;;;;287.8313;;289.13923;288.4788818359375
242.0;288.22960322131854;;;;;;287.7886;;289.4004;288.4793701171875
243.0;287.980618244328;;;;;;287.7955;;289.02758;288.4798278808594
244.0;287.95336905701527;;;;;;288.0145;;288.79613;288.47906494140625
245.0;288.1316659587704;;;;;;288.0641;;288.91456;288.47796630859375
246.0;288.1858911801692;;;;;;287.8123;;289.22052;288.4783935546875
247.0;287.945306145655;;;;;;287.7159;;289.33897;288.4766540527344
248.0;287.9380567576788;;;;;;287.8202;;289.07834;288.47686767578125
249.0;287.97983482047306;;;;;;287.9328;;289.02178;288.4778747558594
250.0;288.02558376364516;;;;;;;;289.09211;288.4809265136719
251.0;288.0374498341182;;;;;;;;289.17057;288.48016357421875
252.0;288.164962225091;;;;;;;;289.13884;288.48248291015625
253.0;288.1007654477472;;;;;;;;288.91497000000004;288.48223876953125
254.0;288.0770058827858;;;;;;;;288.96147;288.4824523925781
255.0;288.1507549129121;;;;;;;;289.11358;288.4811706542969
256.0;288.26143255364406;;;;;;;;289.15731;288.48114013671875
257.0;288.3725491458423;;;;;;;;289.07722;288.4825744628906
258.0;288.28551200971214;;;;;;;;288.95207;288.4837951660156
259.0;288.17238109013806;;;;;;;;289.10544;288.4845886230469
260.0;288.1218888792273;;;;;;;;289.07946;288.4843444824219
261.0;288.0653904745024;;;;;;;;289.20498;288.4856872558594
262.0;288.0234960268622;;;;;;;;289.10495;288.4866027832031
263.0;288.1506498153896;;;;;;;;288.90972;288.4869079589844
264.0;288.16814332726887;;;;;;;;288.96739;288.4864807128906
265.0;288.2123784313464;;;;;;;;289.19915;288.4861755371094
266.0;288.0076420196116;;;;;;;;289.29481;288.4888610839844
267.0;288.1258396096426;;;;;;;;288.9524;288.4891357421875
268.0;288.09003513283926;;;;;;;;288.9283;288.48974609375
269.0;287.9432109675996;;;;;;;;288.96843;288.4908447265625
270.0;288.017192182149;;;;;;;;289.20602;288.4913024902344
271.0;288.1820165346747;;;;;;;;289.46562;288.4931335449219
272.0;288.0517897514448;;;;;;;;289.25266;288.4930725097656
273.0;287.93441630324276;;;;;;;;288.99177000000003;288.49383544921875
274.0;287.88315229023976;;;;;;;;288.93014;288.4942626953125
275.0;287.87738906651333;;;;;;;;289.0099;288.4949951171875
276.0;288.03743495157323;;;;;;;;289.06264;288.4963684082031
277.0;288.1662708021191;;;;;;;;289.05384;288.4977722167969
278.0;288.1835269457674;;;;;;;;289.18314;288.4981384277344
279.0;288.1681970883723;;;;;;;;289.36294;288.4993896484375
280.0;288.2678601408658;;;;;;;;289.06487000000004;288.5005187988281
281.0;288.0045609147582;;;;;;;;289.04909;288.50140380859375
282.0;287.93798267939326;;;;;;;;289.13056;288.5017395019531
283.0;288.1924893313892;;;;;;;;289.30206;288.5025329589844
284.0;288.0980966228329;;;;;;;;289.41639;288.50347900390625
285.0;288.1285759912779;;;;;;;;289.024;288.50457763671875
286.0;288.07802015330697;;;;;;;;288.9397;288.50457763671875
287.0;288.1507893601509;;;;;;;;289.12139;288.50750732421875
288.0;287.9756532433915;;;;;;;;289.37465;288.51055908203125
289.0;288.0179204235339;;;;;;;;289.41417;288.51153564453125
290.0;288.235442028307;;;;;;;;289.25562;288.5137939453125
291.0;288.3389827362479;;;;;;;;288.8384;288.5142822265625
292.0;288.0800257016535;;;;;;;;288.76876;288.51422119140625
293.0;288.03160718107887;;;;;;;;288.93273;288.51470947265625
294.0;288.0384460449219;;;;;;;;289.15393;288.5135498046875
295.0;288.0056469224904;;;;;;;;289.19239;288.51483154296875
296.0;288.02754934650585;;;;;;;;288.99908;288.518310546875
297.0;287.96144225238123;;;;;;;;289.02508;288.5208435058594
298.0;287.88113879896196;;;;;;;;289.01075;288.5216369628906
299.0;288.0982089107984;;;;;;;;289.13905;288.52215576171875
300.0;287.9864156644639;;;;;;;;289.07104;288.522216796875
301.0;287.9940970642927;;;;;;;;289.16034;288.5229797363281
302.0;287.91624588639775;;;;;;;;289.01086000000004;288.5226745605469
303.0;287.8928257772368;;;;;;;;289.04758;288.5228576660156
304.0;287.98814688904645;;;;;;;;289.2073;288.5223388671875
305.0;288.04671881688785;;;;;;;;289.18721;288.52386474609375
306.0;288.22233811469926;;;;;;;;289.19714;288.52703857421875
307.0;288.0048580639983;;;;;;;;289.24807000000004;288.528564453125
308.0;287.75112379936326;;;;;;;;289.2516;288.53033447265625
309.0;287.7547352411976;;;;;;;;289.36051000000003;288.5305480957031
310.0;287.8744668202858;;;;;;;;;288.5304260253906
311.0;288.16298719432257;;;;;;;;;288.5315856933594
312.0;288.1297237866546;;;;;;;;;288.53033447265625
313.0;287.74651865501926;;;;;;;;;288.5311584472656
314.0;287.6771254448042;;;;;;;;;288.5324401855469
315.0;287.80871682363016;;;;;;;;;288.53472900390625
316.0;287.93247254254067;;;;;;;;;288.53662109375
317.0;288.0306493471747;;;;;;;;;288.5373840332031
318.0;288.09005787470574;;;;;;;;;288.5381164550781
319.0;287.8791675306347;;;;;;;;;288.5380859375
320.0;288.07350037457195;;;;;;;;;288.53961181640625
321.0;288.0032386257224;;;;;;;;;288.5423889160156
322.0;287.89650059530186;;;;;;;;;288.54345703125
323.0;287.873549202697;;;;;;;;;288.54437255859375
324.0;287.99233941901224;;;;;;;;;288.5443420410156
325.0;288.03593699834124;;;;;;;;;288.5469665527344
326.0;288.26331594806834;;;;;;;;;288.5482177734375
327.0;287.8047493712544;;;;;;;;;288.54833984375
328.0;287.9366713432417;;;;;;;;;288.54937744140625
329.0;287.94134429513593;;;;;;;;;288.5483703613281
330.0;287.8811173948524;;;;;;;;;288.5482177734375
331.0;287.98616792861736;;;;;;;;;288.5474548339844
332.0;288.0580932617188;;;;;;;;;288.5481872558594
333.0;288.1980952850761;;;;;;;;;288.5497741699219
334.0;287.85500923052234;;;;;;;;;288.55133056640625
335.0;287.8238950964523;;;;;;;;;288.5532531738281
336.0;287.99392566419635;;;;;;;;;288.5553283691406
337.0;288.10367632304155;;;;;;;;;288.5567626953125
338.0;288.01228612612374;;;;;;;;;288.5585632324219
339.0;288.03441889514664;;;;;;;;;288.5586242675781
340.0;288.15676779551046;;;;;;;;;288.5589599609375
341.0;288.07622212449166;;;;;;;;;288.5589599609375
342.0;288.03687242481806;;;;;;;;;288.5608825683594
343.0;288.08806327924344;;;;;;;;;288.5642395019531
344.0;288.18904552721;;;;;;;;;288.5635070800781
345.0;288.3247647220141;;;;;;;;;288.5634765625
346.0;288.0085601388592;;;;;;;;;288.5629577636719
347.0;288.10585444202167;;;;;;;;;288.5617980957031
348.0;288.23761839148125;;;;;;;;;288.5628967285156
349.0;288.29293129280825;;;;;;;;;288.5630187988281
350.0;288.0842802700932;;;;;;;;;288.5640563964844
351.0;288.0760447044896;;;;;;;;;288.5639343261719
352.0;288.30444854318284;;;;;;;;;288.5623474121094
353.0;288.19712398999366;;;;;;;;;288.56353759765625
354.0;288.07877782534246;;;;;;;;;288.56304931640625
355.0;288.26350097656257;;;;;;;;;288.5635070800781
356.0;288.0195738909996;;;;;;;;;288.5645751953125
357.0;288.0773240180865;;;;;;;;;288.5664367675781
358.0;288.05979171125864;;;;;;;;;288.5677795410156
359.0;287.9694498976616;;;;;;;;;288.5684509277344
360.0;288.0372257598459;;;;;;;;;288.5666809082031
361.0;287.99329859067325;;;;;;;;;288.5668640136719
362.0;287.91457435921444;;;;;;;;;288.5669250488281
363.0;287.93111530460726;;;;;;;;;288.5668640136719
364.0;288.03257379401225;;;;;;;;;288.565673828125
365.0;288.10014732047307;;;;;;;;;288.5658264160156
366.0;287.9342908885381;;;;;;;;;288.56475830078125
367.0;288.1637962863871;;;;;;;;;288.56280517578125
368.0;288.1639341589523;;;;;;;;;288.5620422363281
369.0;287.91749301022054;;;;;;;;;288.56158447265625
370.0;288.00270987732773;;;;;;;;;288.5632019042969
371.0;288.1677207633241;;;;;;;;;288.5643615722656
372.0;287.8319557503478;;;;;;;;;288.5638122558594
373.0;287.98934936523443;;;;;;;;;288.5653381347656
374.0;288.25783448937824;;;;;;;;;288.5655517578125
375.0;288.0781030106219;;;;;;;;;288.56488037109375
376.0;287.87576787243154;;;;;;;;;288.5655517578125
377.0;287.8766057262682;;;;;;;;;288.56439208984375
378.0;287.98013932737587;;;;;;;;;288.563232421875
379.0;287.83610313102;;;;;;;;;288.5617980957031
380.0;287.89796995398126;;;;;;;;;288.5609436035156
381.0;288.1871066994864;;;;;;;;;288.5604248046875
382.0;288.01749777597934;;;;;;;;;288.5603942871094
383.0;287.7350004013271;;;;;;;;;288.5615539550781
384.0;287.98219997458267;;;;;;;;;288.5625
385.0;288.26310132170386;;;;;;;;;288.562255859375
386.0;288.2106513872539;;;;;;;;;288.5628662109375
387.0;287.82423630805874;;;;;;;;;288.5616760253906
388.0;287.81206514541424;;;;;;;;;288.56134033203125
389.0;287.95795405139665;;;;;;;;;288.5623779296875
390.0;288.12352453780505;;;;;;;;;288.56121826171875
391.0;288.1834286206389;;;;;;;;;288.5608825683594
392.0;287.76882106833267;;;;;;;;;288.5584716796875
393.0;287.90334263631746;;;;;;;;;288.5572204589844
394.0;288.0626183914812;;;;;;;;;288.55804443359375
395.0;288.05162236461905;;;;;;;;;288.5586242675781
396.0;287.804946941219;;;;;;;;;288.55792236328125
397.0;287.96187493311214;;;;;;;;;288.55767822265625
398.0;288.0170431894799;;;;;;;;;288.5576477050781
399.0;287.9440470656304;;;;;;;;;288.56011962890625
400.0;287.6572581670056;;;;;;;;;288.5623474121094
401.0;287.825519300487;;;;;;;;;288.565185546875
402.0;287.7742762735445;;;;;;;;;288.56396484375
403.0;287.75646830519594;;;;;;;;;288.5631408691406
404.0;288.1317865241065;;;;;;;;;288.56097412109375
405.0;288.1460838004334;;;;;;;;;288.5618896484375
406.0;287.7533841067798;;;;;;;;;288.5652160644531
407.0;287.70855227953774;;;;;;;;;288.5667419433594
408.0;287.7656619555329;;;;;;;;;288.5661926269531
409.0;287.9167972930491;;;;;;;;;288.56549072265625
410.0;287.9357924369917;;;;;;;;;288.5633239746094
411.0;287.9469873715754;;;;;;;;;288.5628356933594
412.0;287.9185946529859;;;;;;;;;288.5625305175781
413.0;287.88687919721207;;;;;;;;;288.5649719238281
414.0;287.8328684349583;;;;;;;;;288.5657653808594
415.0;288.01061576947774;;;;;;;;;288.564697265625
416.0;288.2114840572828;;;;;;;;;288.5643310546875
417.0;288.14244560346214;;;;;;;;;288.56317138671875
418.0;288.0616245217519;;;;;;;;;288.564208984375
419.0;287.95432011852535;;;;;;;;;288.5674133300781
420.0;287.95584850572567;;;;;;;;;288.571044921875
421.0;287.8949661881956;;;;;;;;;288.5718994140625
422.0;287.936695422865;;;;;;;;;288.5704650878906
423.0;288.1103238040454;;;;;;;;;288.5689392089844
424.0;288.0298686824433;;;;;;;;;288.56781005859375
425.0;287.8248036841824;;;;;;;;;288.567138671875
426.0;287.9329731980416;;;;;;;;;288.5690612792969
427.0;288.09358202790565;;;;;;;;;288.5691833496094
428.0;287.9976875200664;;;;;;;;;288.56805419921875
429.0;287.8557229238014;;;;;;;;;288.566650390625
430.0;287.90830521256964;;;;;;;;;288.5657958984375
431.0;288.07459608104136;;;;;;;;;288.5664367675781
432.0;287.99944315871153;;;;;;;;;288.56805419921875
433.0;287.8096540895227;;;;;;;;;288.5706787109375
434.0;287.95098450543134;;;;;;;;;288.5712890625
435.0;287.9769201827377;;;;;;;;;288.570068359375
436.0;288.08758043263066;;;;;;;;;288.5682373046875
437.0;287.8946351769853;;;;;;;;;288.5669250488281
438.0;287.98268064734054;;;;;;;;;288.56787109375
439.0;288.1900493465058;;;;;;;;;288.57220458984375
440.0;288.17894797129173;;;;;;;;;288.5716247558594
441.0;287.80631864364835;;;;;;;;;288.5718688964844
442.0;287.7885418617563;;;;;;;;;288.57086181640625
443.0;287.91568427935044;;;;;;;;;288.5700378417969
444.0;288.1839480883455;;;;;;;;;288.5702209472656
445.0;288.013584001097;;;;;;;;;288.5740966796875
446.0;288.18784806761033;;;;;;;;;288.576904296875
447.0;288.2445108492081;;;;;;;;;288.577880859375
448.0;288.0349194670377;;;;;;;;;288.57794189453125
449.0;288.03231627581874;;;;;;;;;288.57562255859375
450.0;288.13084307108846;;;;;;;;;288.57476806640625
451.0;288.0981588285264;;;;;;;;;288.5744934082031
452.0;288.0863258675354;;;;;;;;;288.57525634765625
453.0;288.0972102753104;;;;;;;;;288.57513427734375
454.0;288.2782464014341;;;;;;;;;288.5742492675781
455.0;288.25587099676267;;;;;;;;;288.572265625
456.0;288.13060403066146;;;;;;;;;288.5713195800781
457.0;288.23457925874897;;;;;;;;;288.5717468261719
458.0;288.138992016936;;;;;;;;;288.5745544433594
459.0;288.0062141313945;;;;;;;;;288.5780944824219
460.0;288.0539070860981;;;;;;;;;288.5787353515625
461.0;288.10642365756104;;;;;;;;;288.5790100097656
462.0;288.0143033798428;;;;;;;;;288.57659912109375
463.0;287.970085750214;;;;;;;;;288.57647705078125
464.0;287.9593450676905;;;;;;;;;288.5774841308594
465.0;288.1107204489512;;;;;;;;;288.5805969238281
466.0;288.13476830051377;;;;;;;;;288.5826721191406
467.0;287.89870822854243;;;;;;;;;288.58160400390625
468.0;288.1007258167006;;;;;;;;;288.5804138183594
469.0;288.1878776654806;;;;;;;;;288.5784606933594
470.0;288.07161104385176;;;;;;;;;288.5790100097656
471.0;288.1613157507492;;;;;;;;;288.58209228515625
472.0;288.18703170149286;;;;;;;;;288.5848388671875
473.0;288.0445420356646;;;;;;;;;288.5867004394531
474.0;288.01614279551046;;;;;;;;;288.5835266113281
475.0;288.1226870184076;;;;;;;;;288.5808410644531
476.0;288.0695935393033;;;;;;;;;288.5798645019531
477.0;288.04671973659566;;;;;;;;;288.5797119140625
478.0;288.17959837195;;;;;;;;;288.58355712890625
479.0;288.10429428309607;;;;;;;;;288.585693359375
480.0;288.1363185098727;;;;;;;;;288.5865478515625
481.0;288.28521210134846;;;;;;;;;288.5852966308594
482.0;288.1857625046822;;;;;;;;;288.5821228027344
483.0;288.1432199974583;;;;;;;;;288.5809326171875
484.0;288.01242575449487;;;;;;;;;288.5819396972656
485.0;287.9649874752516;;;;;;;;;288.5846252441406
486.0;287.9994015210296;;;;;;;;;288.587890625
487.0;288.0141122478329;;;;;;;;;288.5865173339844
488.0;287.85696294079094;;;;;;;;;288.58306884765625
489.0;288.052081800487;;;;;;;;;288.57904052734375
490.0;288.24027032721534;;;;;;;;;288.57830810546875
491.0;288.34175950141804;;;;;;;;;288.5805969238281
492.0;288.0180561222442;;;;;;;;;288.5831604003906
493.0;287.88258758962974;;;;;;;;;288.5857849121094
494.0;288.0035723960563;;;;;;;;;288.585693359375
495.0;287.9251370364673;;;;;;;;;288.58489990234375
496.0;288.11728816620297;;;;;;;;;288.5836181640625
497.0;288.28673572279007;;;;;;;;;288.58477783203125
498.0;288.09085108090756;;;;;;;;;288.5870056152344
499.0;288.07497817784144;;;;;;;;;288.5889587402344
;;;;;;;;;;288.5897521972656
;;;;;;;;;;288.5882263183594
;;;;;;;;;;288.5857238769531
;;;;;;;;;;288.58349609375
;;;;;;;;;;288.58380126953125
;;;;;;;;;;288.5867919921875
;;;;;;;;;;288.5900573730469
;;;;;;;;;;288.5909118652344
;;;;;;;;;;288.5892028808594
;;;;;;;;;;288.58624267578125
;;;;;;;;;;288.58575439453125
;;;;;;;;;;288.5873107910156
;;;;;;;;;;288.5910949707031
;;;;;;;;;;288.5936584472656
;;;;;;;;;;288.59478759765625
;;;;;;;;;;288.5918884277344
;;;;;;;;;;288.5880432128906
;;;;;;;;;;288.5864562988281
;;;;;;;;;;288.5866394042969
;;;;;;;;;;288.589599609375
;;;;;;;;;;288.592041015625
;;;;;;;;;;288.59130859375
;;;;;;;;;;288.5892333984375
;;;;;;;;;;288.5858459472656
;;;;;;;;;;288.5850830078125
;;;;;;;;;;288.58856201171875
;;;;;;;;;;288.5920104980469
;;;;;;;;;;288.5953369140625
;;;;;;;;;;288.5944519042969
;;;;;;;;;;288.5923156738281
;;;;;;;;;;288.5896301269531
;;;;;;;;;;288.5915832519531
;;;;;;;;;;288.5941467285156
;;;;;;;;;;288.5971984863281
;;;;;;;;;;288.5992126464844
;;;;;;;;;;288.59686279296875
;;;;;;;;;;288.5954895019531
;;;;;;;;;;288.5939025878906
;;;;;;;;;;288.5954895019531
;;;;;;;;;;288.5973205566406
;;;;;;;;;;288.6000061035156
;;;;;;;;;;288.5989685058594
;;;;;;;;;;288.5973815917969
;;;;;;;;;;288.5938415527344
;;;;;;;;;;288.5925598144531
;;;;;;;;;;288.5957946777344
;;;;;;;;;;288.5977478027344
;;;;;;;;;;288.5992126464844
;;;;;;;;;;288.59857177734375
;;;;;;;;;;288.59600830078125
;;;;;;;;;;288.593505859375
;;;;;;;;;;288.59466552734375
;;;;;;;;;;288.5970458984375
;;;;;;;;;;288.6000671386719
;;;;;;;;;;288.6025390625
;;;;;;;;;;288.60125732421875
;;;;;;;;;;288.6003112792969
;;;;;;;;;;288.5973815917969
;;;;;;;;;;288.59747314453125
;;;;;;;;;;288.59844970703125
;;;;;;;;;;288.6003112792969
;;;;;;;;;;288.6007385253906
;;;;;;;;;;288.5999755859375
;;;;;;;;;;288.597412109375
;;;;;;;;;;288.5957336425781
;;;;;;;;;;288.59521484375
;;;;;;;;;;288.5981750488281
;;;;;;;;;;288.6005859375
;;;;;;;;;;288.6013488769531
;;;;;;;;;;288.6001281738281
;;;;;;;;;;288.5984191894531
;;;;;;;;;;288.5979309082031
;;;;;;;;;;288.5982360839844
;;;;;;;;;;288.60162353515625
;;;;;;;;;;288.603515625
;;;;;;;;;;288.60382080078125
;;;;;;;;;;288.6016540527344
;;;;;;;;;;288.5987854003906
;;;;;;;;;;288.5981750488281
;;;;;;;;;;288.6005859375
;;;;;;;;;;288.6019287109375
;;;;;;;;;;288.6024169921875
;;;;;;;;;;288.6002197265625
;;;;;;;;;;288.5987854003906
;;;;;;;;;;288.59918212890625
;;;;;;;;;;288.6014099121094
;;;;;;;;;;288.6040344238281
;;;;;;;;;;288.603759765625
;;;;;;;;;;288.60308837890625
;;;;;;;;;;288.6013488769531
;;;;;;;;;;288.6004943847656
;;;;;;;;;;288.6009521484375
;;;;;;;;;;288.6029357910156
;;;;;;;;;;288.6047058105469
;;;;;;;;;;288.6051330566406
;;;;;;;;;;288.60406494140625
;;;;;;;;;;288.60260009765625
;;;;;;;;;;288.6020202636719
;;;;;;;;;;288.6017150878906
;;;;;;;;;;288.60205078125
;;;;;;;;;;288.60345458984375
;;;;;;;;;;288.6044921875
;;;;;;;;;;288.60498046875
;;;;;;;;;;288.60479736328125
;;;;;;;;;;288.6055603027344
;;;;;;;;;;288.6067810058594
;;;;;;;;;;288.6064147949219
;;;;;;;;;;288.60595703125
;;;;;;;;;;288.606201171875
;;;;;;;;;;288.6065979003906
;;;;;;;;;;288.60601806640625
;;;;;;;;;;288.6068420410156
;;;;;;;;;;288.60595703125
;;;;;;;;;;288.60443115234375
;;;;;;;;;;288.6026611328125
;;;;;;;;;;288.6027526855469
;;;;;;;;;;288.6047058105469
;;;;;;;;;;288.6051330566406
;;;;;;;;;;288.6039733886719
;;;;;;;;;;288.6051330566406
;;;;;;;;;;288.6051940917969
;;;;;;;;;;288.6084289550781
;;;;;;;;;;288.6102294921875
;;;;;;;;;;288.6109313964844
;;;;;;;;;;288.60986328125
;;;;;;;;;;288.609375
;;;;;;;;;;288.60699462890625
;;;;;;;;;;288.6080322265625
;;;;;;;;;;288.6076354980469
;;;;;;;;;;288.6061096191406
;;;;;;;;;;288.6036376953125
;;;;;;;;;;288.6021728515625
;;;;;;;;;;288.6011962890625
;;;;;;;;;;288.6019287109375
;;;;;;;;;;288.6022644042969
;;;;;;;;;;288.6039123535156
;;;;;;;;;;288.6055908203125
;;;;;;;;;;288.6069030761719
;;;;;;;;;;288.6084289550781
;;;;;;;;;;288.6114196777344
;;;;;;;;;;288.6133117675781
;;;;;;;;;;288.6108703613281
;;;;;;;;;;288.6107482910156
;;;;;;;;;;288.61151123046875
;;;;;;;;;;288.6142883300781
;;;;;;;;;;288.61279296875
;;;;;;;;;;288.61041259765625
;;;;;;;;;;288.60992431640625
;;;;;;;;;;288.6064453125
;;;;;;;;;;288.6034240722656
;;;;;;;;;;288.60284423828125
;;;;;;;;;;288.6042785644531
;;;;;;;;;;288.6072082519531
;;;;;;;;;;288.6082458496094
;;;;;;;;;;288.609130859375
;;;;;;;;;;288.61065673828125
;;;;;;;;;;288.61279296875
;;;;;;;;;;288.614013671875
;;;;;;;;;;288.613037109375
;;;;;;;;;;288.6132507324219
;;;;;;;;;;288.612060546875
;;;;;;;;;;288.6076354980469
;;;;;;;;;;288.6057434082031
;;;;;;;;;;288.606689453125
;;;;;;;;;;288.6098937988281
;;;;;;;;;;288.6085510253906
;;;;;;;;;;288.6062927246094
;;;;;;;;;;288.6058044433594
;;;;;;;;;;288.6061706542969
;;;;;;;;;;288.60540771484375
;;;;;;;;;;288.6063537597656
;;;;;;;;;;288.6094970703125
;;;;;;;;;;288.6122131347656
;;;;;;;;;;288.6130065917969
;;;;;;;;;;288.60955810546875
;;;;;;;;;;288.60968017578125
;;;;;;;;;;288.6117858886719
;;;;;;;;;;288.613037109375
;;;;;;;;;;288.6114807128906
;;;;;;;;;;288.6102294921875
;;;;;;;;;;288.6082458496094
;;;;;;;;;;288.60467529296875
;;;;;;;;;;288.60150146484375
;;;;;;;;;;288.60205078125
;;;;;;;;;;288.6036071777344
;;;;;;;;;;288.6066589355469
;;;;;;;;;;288.60479736328125
;;;;;;;;;;288.6068115234375
;;;;;;;;;;288.6081848144531
;;;;;;;;;;288.6061706542969
;;;;;;;;;;288.60516357421875
;;;;;;;;;;288.609130859375
;;;;;;;;;;288.61004638671875
;;;;;;;;;;288.6102294921875
;;;;;;;;;;288.6077575683594
;;;;;;;;;;288.60711669921875
;;;;;;;;;;288.605712890625
;;;;;;;;;;288.6064453125
;;;;;;;;;;288.6072998046875
;;;;;;;;;;288.6075744628906
;;;;;;;;;;288.6091003417969
;;;;;;;;;;288.6075744628906
;;;;;;;;;;288.6047668457031
;;;;;;;;;;288.6029968261719
;;;;;;;;;;288.602783203125
;;;;;;;;;;288.6055908203125
;;;;;;;;;;288.6056213378906
;;;;;;;;;;288.6051330566406
;;;;;;;;;;288.60748291015625
;;;;;;;;;;288.6062316894531
;;;;;;;;;;288.6053466796875
;;;;;;;;;;288.6029052734375
;;;;;;;;;;288.6039733886719
;;;;;;;;;;288.6061096191406
;;;;;;;;;;288.6055908203125
;;;;;;;;;;288.6045837402344
;;;;;;;;;;288.602783203125
;;;;;;;;;;288.5999755859375
;;;;;;;;;;288.5976867675781
;;;;;;;;;;288.5977478027344
;;;;;;;;;;288.60003662109375
;;;;;;;;;;288.6015930175781
;;;;;;;;;;288.60205078125
;;;;;;;;;;288.6007995605469
;;;;;;;;;;288.601318359375
;;;;;;;;;;288.5993957519531
;;;;;;;;;;288.5991516113281
;;;;;;;;;;288.60186767578125
;;;;;;;;;;288.6046447753906
;;;;;;;;;;288.60467529296875
;;;;;;;;;;288.60467529296875
;;;;;;;;;;288.60272216796875
;;;;;;;;;;288.6022644042969
;;;;;;;;;;288.6011962890625
;;;;;;;;;;288.59979248046875
;;;;;;;;;;288.6012268066406
;;;;;;;;;;288.6030578613281
;;;;;;;;;;288.6004638671875
;;;;;;;;;;288.6002502441406
;;;;;;;;;;288.5997009277344
;;;;;;;;;;288.60125732421875
;;;;;;;;;;288.60052490234375
;;;;;;;;;;288.6016540527344
;;;;;;;;;;288.6059875488281
;;;;;;;;;;288.60772705078125
;;;;;;;;;;288.60687255859375
;;;;;;;;;;288.6053771972656
;;;;;;;;;;288.6053466796875
;;;;;;;;;;288.606201171875
;;;;;;;;;;288.6042785644531
;;;;;;;;;;288.60626220703125
;;;;;;;;;;288.6064147949219
;;;;;;;;;;288.60693359375
;;;;;;;;;;288.60626220703125
;;;;;;;;;;288.6060485839844
;;;;;;;;;;288.60595703125
;;;;;;;;;;288.6086730957031
;;;;;;;;;;288.6100769042969
;;;;;;;;;;288.61083984375
;;;;;;;;;;288.6113586425781
;;;;;;;;;;288.61248779296875
;;;;;;;;;;288.6094970703125
;;;;;;;;;;288.60919189453125
;;;;;;;;;;288.61212158203125
;;;;;;;;;;288.6139831542969
;;;;;;;;;;288.6133117675781
;;;;;;;;;;288.61212158203125
;;;;;;;;;;288.6118469238281
;;;;;;;;;;288.61138916015625
;;;;;;;;;;288.6122741699219
;;;;;;;;;;288.61273193359375
;;;;;;;;;;288.6136169433594
;;;;;;;;;;288.6145935058594
;;;;;;;;;;288.61328125
;;;;;;;;;;288.613525390625
;;;;;;;;;;288.61328125
;;;;;;;;;;288.6129455566406
;;;;;;;;;;288.61224365234375
;;;;;;;;;;288.6133728027344
;;;;;;;;;;288.6135559082031
;;;;;;;;;;288.61566162109375
;;;;;;;;;;288.6134033203125
;;;;;;;;;;288.6145935058594
;;;;;;;;;;288.61468505859375
;;;;;;;;;;288.6173095703125
;;;;;;;;;;288.61767578125
;;;;;;;;;;288.615234375
;;;;;;;;;;288.614990234375
;;;;;;;;;;288.6138000488281
;;;;;;;;;;288.6119384765625
;;;;;;;;;;288.6107177734375
;;;;;;;;;;288.6087646484375
;;;;;;;;;;288.6107482910156
;;;;;;;;;;288.61181640625
;;;;;;;;;;288.61322021484375
;;;;;;;;;;288.6138000488281
;;;;;;;;;;288.6131591796875
;;;;;;;;;;288.61395263671875
;;;;;;;;;;288.612548828125
;;;;;;;;;;288.6128234863281
;;;;;;;;;;288.6141357421875
;;;;;;;;;;288.61236572265625
;;;;;;;;;;288.6120300292969
;;;;;;;;;;288.61163330078125
;;;;;;;;;;288.6117248535156
;;;;;;;;;;288.61181640625
;;;;;;;;;;288.6110534667969
;;;;;;;;;;288.6133728027344
;;;;;;;;;;288.61407470703125
;;;;;;;;;;288.6146545410156
;;;;;;;;;;288.6127014160156
;;;;;;;;;;288.6126403808594
;;;;;;;;;;288.6138000488281
;;;;;;;;;;288.6133117675781
;;;;;;;;;;288.614013671875
;;;;;;;;;;288.6142578125
;;;;;;;;;;288.6139221191406
;;;;;;;;;;288.6143493652344
;;;;;;;;;;288.61279296875
;;;;;;;;;;288.6147766113281
;;;;;;;;;;288.6161804199219
;;;;;;;;;;288.6171875
;;;;;;;;;;288.6173095703125
;;;;;;;;;;288.6177673339844
;;;;;;;;;;288.618408203125
;;;;;;;;;;288.6188049316406
;;;;;;;;;;288.6174621582031
;;;;;;;;;;288.61932373046875
;;;;;;;;;;288.6204528808594
;;;;;;;;;;288.6203308105469
;;;;;;;;;;288.62127685546875
;;;;;;;;;;288.622802734375
;;;;;;;;;;288.62725830078125
;;;;;;;;;;288.6272888183594
;;;;;;;;;;288.62725830078125
;;;;;;;;;;288.6277770996094
;;;;;;;;;;288.62921142578125
;;;;;;;;;;288.6318664550781
;;;;;;;;;;288.6326904296875
;;;;;;;;;;288.63494873046875
;;;;;;;;;;288.6357421875
;;;;;;;;;;288.6374206542969
;;;;;;;;;;288.64013671875
;;;;;;;;;;288.64105224609375
;;;;;;;;;;288.6426086425781
;;;;;;;;;;288.6438903808594
;;;;;;;;;;288.64306640625
;;;;;;;;;;288.6423034667969
;;;;;;;;;;288.6414794921875
;;;;;;;;;;288.6417236328125
;;;;;;;;;;288.6416015625
;;;;;;;;;;288.6427917480469
;;;;;;;;;;288.64453125
;;;;;;;;;;288.644775390625
;;;;;;;;;;288.6453857421875
;;;;;;;;;;288.64727783203125
;;;;;;;;;;288.652099609375
;;;;;;;;;;288.6516418457031
;;;;;;;;;;288.65277099609375
;;;;;;;;;;288.6497802734375
;;;;;;;;;;288.6494140625
;;;;;;;;;;288.6474304199219
;;;;;;;;;;288.6464538574219
;;;;;;;;;;288.644775390625
;;;;;;;;;;288.6454772949219
;;;;;;;;;;288.64501953125
;;;;;;;;;;288.6434020996094
;;;;;;;;;;288.6429443359375
;;;;;;;;;;288.6416931152344
;;;;;;;;;;288.6396484375
;;;;;;;;;;288.6391906738281
;;;;;;;;;;288.6380615234375
;;;;;;;;;;288.63873291015625
;;;;;;;;;;288.6373596191406
;;;;;;;;;;288.638427734375
;;;;;;;;;;288.63897705078125
;;;;;;;;;;288.64105224609375
;;;;;;;;;;288.6424255371094
;;;;;;;;;;288.6428527832031
;;;;;;;;;;288.6452331542969
;;;;;;;;;;288.6454772949219
;;;;;;;;;;288.64453125
;;;;;;;;;;288.6411437988281
;;;;;;;;;;288.6371765136719
;;;;;;;;;;288.63446044921875
;;;;;;;;;;288.6335754394531
;;;;;;;;;;288.6341552734375
;;;;;;;;;;288.6366271972656
;;;;;;;;;;288.639404296875
;;;;;;;;;;288.6407470703125
;;;;;;;;;;288.64105224609375
;;;;;;;;;;288.64605712890625
;;;;;;;;;;288.647705078125
;;;;;;;;;;288.6473388671875
;;;;;;;;;;288.64501953125
;;;;;;;;;;288.64471435546875
;;;;;;;;;;288.64599609375
;;;;;;;;;;288.6432189941406
;;;;;;;;;;288.64251708984375
;;;;;;;;;;288.6412048339844
;;;;;;;;;;288.6421203613281
;;;;;;;;;;288.6405334472656
;;;;;;;;;;288.64068603515625
;;;;;;;;;;288.640380859375
;;;;;;;;;;288.64306640625
;;;;;;;;;;288.6439514160156
;;;;;;;;;;288.6444091796875
;;;;;;;;;;288.64508056640625
;;;;;;;;;;288.647216796875
;;;;;;;;;;288.6465148925781
;;;;;;;;;;288.64862060546875
;;;;;;;;;;288.6498718261719
;;;;;;;;;;288.652587890625
;;;;;;;;;;288.65008544921875
;;;;;;;;;;288.64990234375
;;;;;;;;;;288.6500549316406
;;;;;;;;;;288.65191650390625
;;;;;;;;;;288.6530456542969
;;;;;;;;;;288.6538391113281
;;;;;;;;;;288.65380859375
;;;;;;;;;;288.6523742675781
;;;;;;;;;;288.6509704589844
;;;;;;;;;;288.64849853515625
;;;;;;;;;;288.64801025390625
;;;;;;;;;;288.6475830078125
;;;;;;;;;;288.6485900878906
;;;;;;;;;;288.6510009765625
;;;;;;;;;;288.6551208496094
;;;;;;;;;;288.65850830078125
;;;;;;;;;;288.65948486328125
;;;;;;;;;;288.66168212890625
;;;;;;;;;;288.66217041015625
;;;;;;;;;;288.6642150878906
;;;;;;;;;;288.6650085449219
;;;;;;;;;;288.663818359375
;;;;;;;;;;288.6630554199219
;;;;;;;;;;288.6630554199219
;;;;;;;;;;288.6617736816406
;;;;;;;;;;288.66131591796875
;;;;;;;;;;288.6612243652344
;;;;;;;;;;288.6609191894531
;;;;;;;;;;288.6598815917969
;;;;;;;;;;288.6566162109375
;;;;;;;;;;288.6556701660156
;;;;;;;;;;288.6576232910156
;;;;;;;;;;288.6593017578125
;;;;;;;;;;288.65716552734375
;;;;;;;;;;288.6589050292969
;;;;;;;;;;288.66168212890625
;;;;;;;;;;288.66436767578125
;;;;;;;;;;288.66436767578125
;;;;;;;;;;288.6645202636719
;;;;;;;;;;288.662841796875
;;;;;;;;;;288.66192626953125
;;;;;;;;;;288.6626892089844
;;;;;;;;;;288.66326904296875
;;;;;;;;;;288.66357421875
;;;;;;;;;;288.6650695800781
;;;;;;;;;;288.66778564453125
;;;;;;;;;;288.67041015625
;;;;;;;;;;288.669189453125
;;;;;;;;;;288.6669006347656
;;;;;;;;;;288.66326904296875
;;;;;;;;;;288.6615295410156
;;;;;;;;;;288.66015625
;;;;;;;;;;288.6604309082031
;;;;;;;;;;288.6586608886719
;;;;;;;;;;288.6617736816406
;;;;;;;;;;288.6639404296875
;;;;;;;;;;288.6658630371094
;;;;;;;;;;288.6651306152344
;;;;;;;;;;288.66546630859375
;;;;;;;;;;288.6681213378906
;;;;;;;;;;288.66802978515625
;;;;;;;;;;288.6681823730469
;;;;;;;;;;288.668212890625
;;;;;;;;;;288.6688232421875
;;;;;;;;;;288.6680603027344
;;;;;;;;;;288.66864013671875
;;;;;;;;;;288.6690368652344
;;;;;;;;;;288.6697692871094
;;;;;;;;;;288.670654296875
;;;;;;;;;;288.6695556640625
;;;;;;;;;;288.67034912109375
;;;;;;;;;;288.6689758300781
;;;;;;;;;;288.6673278808594
;;;;;;;;;;288.6627502441406
;;;;;;;;;;288.6651916503906
;;;;;;;;;;288.6652526855469
;;;;;;;;;;288.6661682128906
;;;;;;;;;;288.6678466796875
;;;;;;;;;;288.67132568359375
;;;;;;;;;;288.67584228515625
;;;;;;;;;;288.6773681640625
;;;;;;;;;;288.67962646484375
;;;;;;;;;;288.6824951171875
;;;;;;;;;;288.68414306640625
;;;;;;;;;;288.68328857421875
;;;;;;;;;;288.68212890625
;;;;;;;;;;288.68048095703125